"Status","Start Time","Stop Time","Duration in ms","Parent Suite","Suite","Sub Suite","Test Class","Test Method","Name","Description"
"passed","","","","","concealer.copyright","","concealer.copyright","","include/concealer/miscellaneous_api.hpp",""
"passed","","","","","concealer.clang_format","","concealer.clang_format","","src/execute.cpp",""
"passed","","","","","concealer.clang_format","","concealer.clang_format","","include/concealer/define_macro.hpp",""
"passed","","","","","concealer.copyright","","concealer.copyright","","include/concealer/transition_assertion.hpp",""
"passed","","","","","concealer.copyright","","concealer.copyright","","include/concealer/autoware_error.hpp",""
"passed","","","","","concealer.xmllint","","concealer.xmllint","","package.xml",""
"passed","","","","","concealer.copyright","","concealer.copyright","","src/task_queue.cpp",""
"passed","","","","","concealer.copyright","","concealer.copyright","","include/concealer/fundamental_api.hpp",""
"passed","","","","","concealer.copyright","","concealer.copyright","","include/concealer/launch.hpp",""
"passed","","","","","concealer.clang_format","","concealer.clang_format","","include/concealer/autoware.hpp",""
"passed","","","","","concealer.copyright","","concealer.copyright","","src/autoware.cpp",""
"passed","","","","","concealer.clang_format","","concealer.clang_format","","include/concealer/continuous_transform_broadcaster.hpp",""
"passed","","","","","concealer.clang_format","","concealer.clang_format","","include/concealer/miscellaneous_api.hpp",""
"passed","","","","","concealer.clang_format","","concealer.clang_format","","include/concealer/execute.hpp",""
"passed","","","","","concealer.copyright","","concealer.copyright","","include/concealer/undefine_macro.hpp",""
"passed","","","","","concealer.copyright","","concealer.copyright","","include/concealer/task_queue.hpp",""
"passed","","","","","concealer.clang_format","","concealer.clang_format","","include/concealer/transition_assertion.hpp",""
"passed","","","","","concealer.clang_format","","concealer.clang_format","","src/autoware.cpp",""
"passed","","","","","concealer.copyright","","concealer.copyright","","include/concealer/define_macro.hpp",""
"passed","","","","","concealer.copyright","","concealer.copyright","","include/concealer/autoware.hpp",""
"passed","","","","","concealer.clang_format","","concealer.clang_format","","include/concealer/autoware_error.hpp",""
"passed","","","","","concealer.copyright","","concealer.copyright","","include/concealer/conversion.hpp",""
"passed","","","","","concealer.clang_format","","concealer.clang_format","","include/concealer/conversion.hpp",""
"passed","","","","","concealer.copyright","","concealer.copyright","","src/execute.cpp",""
"passed","","","","","concealer.clang_format","","concealer.clang_format","","include/concealer/undefine_macro.hpp",""
"passed","","","","","concealer.copyright","","concealer.copyright","","include/concealer/utility/visibility.hpp",""
"passed","","","","","concealer.clang_format","","concealer.clang_format","","include/concealer/launch.hpp",""
"passed","","","","","concealer.copyright","","concealer.copyright","","include/concealer/execute.hpp",""
"passed","","","","","concealer.clang_format","","concealer.clang_format","","include/concealer/utility/visibility.hpp",""
"passed","","","","","concealer.lint_cmake","","concealer.lint_cmake","","CMakeLists.txt",""
"passed","","","","","concealer.clang_format","","concealer.clang_format","","include/concealer/fundamental_api.hpp",""
"passed","","","","","concealer.clang_format","","concealer.clang_format","","src/task_queue.cpp",""
"passed","","","","","concealer.copyright","","concealer.copyright","","include/concealer/continuous_transform_broadcaster.hpp",""
"passed","","","","","concealer.clang_format","","concealer.clang_format","","include/concealer/task_queue.hpp",""
